{
  "verification_date": "2026-07-16",
  "checks": 38,
  "passed": 38,
  "failed": 0,
  "status": "PASS",
  "max_reconstruction_error": 1.715294573045867e-14,
  "reproduced_sig034_oxphos_t48_rho": 0.24706283733645812,
  "reproduced_sig034_oxphos_t48_fdr": 0.038786312703348
}
