scenario,multiplier,minimum_cohorts,cohort_dependence_I2_percent,dominant_gene_cohort_identity_fraction,single_gene_dominance_ratio,stable_absolute_pooled_delta_z,cancellation_index,nontrivial_absolute_contribution_sum,multigene_share,multigene_minimum_count,total_direction_consistency
BASELINE,1.0,3.0,75.0,0.6,0.6,0.2,0.5,0.4,0.15,2.0,0.75
A_MINUS_10_PERCENT,0.9,2.7,67.5,0.54,0.54,0.18000000000000002,0.45,0.36000000000000004,0.135,1.8,0.675
B_PLUS_10_PERCENT,1.1,3.3000000000000003,82.5,0.66,0.66,0.22000000000000003,0.55,0.44000000000000006,0.165,2.2,0.8250000000000001
C_MINUS_20_PERCENT,0.8,2.4000000000000004,60.0,0.48,0.48,0.16000000000000003,0.4,0.32000000000000006,0.12,1.6,0.6000000000000001
D_PLUS_20_PERCENT,1.2,3.5999999999999996,90.0,0.72,0.72,0.24,0.6,0.48,0.18,2.4,0.8999999999999999
